ProductID,ProductName,Category,Brand,UnitPrice
1,Photo Frame,Personal Care,FakeEtherealEdge,957
2,Foundation,Health & Beauty,FakeUrbanGlow,883
3,Wireless Headphones,Fashion & Accessories,FakeUrbanGlow,141
4,Perfume,Home Appliances,FakeLuxeAura,822
5,Foundation,Kitchen Appliances,FakeEtherealEdge,110
6,Photo Frame,Health & Beauty,FakeZenithStyle,573
7,Blender,Kitchen Appliances,FakeZenithStyle,189
8,Laptop Stand,Sports & Fitness,FakeUrbanGlow,459
9,Coffee Mug,Mobile Accessories,FakeEtherealEdge,173
10,Webcam,Home Appliances,FakeVelvetVista,126
11,Power Bank,Health & Beauty,FakeVelvetVista,992
12,Air Purifier,Health & Beauty,FakeUrbanGlow,249
13,Sunglasses,Home & Kitchen,FakeEtherealEdge,876
14,Laptop Stand,Mobile Accessories,FakeVelvetVista,949
15,Leather Wallet,Sports & Fitness,FakeVelvetVista,614
16,Vacuum Cleaner,Electronics,FakeVelvetVista,327
17,Electric Kettle,Home Appliances,FakeVelvetVista,370
18,Water Bottle,Sports & Fitness,FakeZenithStyle,179
19,Water Purifier,Sports & Fitness,FakeVelvetVista,214
20,Air Purifier,Health & Beauty,FakeUrbanGlow,521
21,Laptop Stand,Home & Kitchen,FakeVelvetVista,617
22,Chopping Board,Fashion & Accessories,FakeEtherealEdge,305
23,Pen Set,Electronics,FakeEtherealEdge,732
24,Trimmer,Mobile Accessories,FakeZenithStyle,282
25,Phone Case,Home Appliances,FakeUrbanGlow,939
26,Toothbrush,Home & Kitchen,FakeLuxeAura,130
27,Microwave,Personal Care,FakeEtherealEdge,928
28,Sunglasses,Mobile Accessories,FakeEtherealEdge,627
29,Earbuds,Electronics,FakeEtherealEdge,791
30,Electric Kettle,Sports & Fitness,FakeEtherealEdge,815
31,Hair Dryer,Kitchen Appliances,FakeVelvetVista,500
32,Toothbrush,Office Supplies,FakeVelvetVista,966
33,Face Wash,Home & Kitchen,FakeEtherealEdge,165
34,Photo Frame,Kitchen Appliances,FakeZenithStyle,124
35,Moisturizer,Kitchen Appliances,FakeLuxeAura,508
36,Rice Cooker,Kitchen Appliances,FakeLuxeAura,529
37,Lipstick,Mobile Accessories,FakeLuxeAura,938
38,Microwave,Health & Beauty,FakeVelvetVista,488
39,Smart Watch,Personal Care,FakeUrbanGlow,151
40,Kitchen Knife,Office Supplies,FakeLuxeAura,636
41,Lipstick,Health & Beauty,FakeLuxeAura,205
42,Water Bottle,Electronics,FakeEtherealEdge,408
43,Phone Case,Kitchen Appliances,FakeLuxeAura,412
44,Electric Kettle,Home Appliances,FakeZenithStyle,249
45,Toothbrush,Home Appliances,FakeZenithStyle,640
46,Electric Shaver,Kitchen Appliances,FakeLuxeAura,508
47,Smart Ring,Home & Kitchen,FakeEtherealEdge,211
48,Wireless Headphones,Office Supplies,FakeLuxeAura,619
49,Air Purifier,Electronics,FakeUrbanGlow,611
50,Foundation,Home Appliances,FakeUrbanGlow,652
51,Blender,Sports & Fitness,FakeZenithStyle,768
52,Electric Shaver,Home Appliances,FakeUrbanGlow,562
53,Face Wash,Mobile Accessories,FakeZenithStyle,706
54,Air Purifier,Home & Kitchen,FakeVelvetVista,475
55,Bluetooth Speaker,Office Supplies,FakeLuxeAura,301
56,Backpack,Health & Beauty,FakeUrbanGlow,277
57,Cutlery Set,Home & Kitchen,FakeUrbanGlow,345
58,Phone Case,Electronics,FakeVelvetVista,787
59,Blender,Health & Beauty,FakeVelvetVista,515
60,Backpack,Sports & Fitness,FakeEtherealEdge,322
61,Webcam,Fashion & Accessories,FakeZenithStyle,154
62,Wall Clock,Kitchen Appliances,FakeZenithStyle,347
63,Face Wash,Personal Care,FakeVelvetVista,468
64,Electric Shaver,Sports & Fitness,FakeEtherealEdge,649
65,Mechanical Keyboard,Mobile Accessories,FakeUrbanGlow,979
66,Hair Dryer,Mobile Accessories,FakeEtherealEdge,1000
67,Notebook Set,Home & Kitchen,FakeLuxeAura,754
68,Air Purifier,Electronics,FakeUrbanGlow,354
69,Yoga Mat,Electronics,FakeUrbanGlow,421
70,Face Wash,Electronics,FakeEtherealEdge,199
71,Pen Set,Sports & Fitness,FakeZenithStyle,908
72,Perfume,Mobile Accessories,FakeUrbanGlow,435
73,USB Hub,Sports & Fitness,FakeUrbanGlow,224
74,Pen Set,Sports & Fitness,FakeEtherealEdge,682
75,Blender,Fashion & Accessories,FakeUrbanGlow,852
76,Fitness Band,Personal Care,FakeEtherealEdge,228
77,Gaming Mouse,Fashion & Accessories,FakeUrbanGlow,880
78,Lipstick,Home Appliances,FakeLuxeAura,252
79,Kitchen Knife,Office Supplies,FakeEtherealEdge,527
80,Moisturizer,Fashion & Accessories,FakeLuxeAura,288
81,Hair Dryer,Personal Care,FakeZenithStyle,590
82,Wall Clock,Health & Beauty,FakeZenithStyle,400
83,Gaming Mouse,Home Appliances,FakeLuxeAura,950
84,Webcam,Home & Kitchen,FakeZenithStyle,909
85,Mixer,Kitchen Appliances,FakeLuxeAura,506
86,Smart Watch,Electronics,FakeZenithStyle,742
87,Foundation,Home Appliances,FakeUrbanGlow,285
88,Lipstick,Personal Care,FakeUrbanGlow,669
89,Smart Ring,Office Supplies,FakeLuxeAura,570
90,Laptop Stand,Sports & Fitness,FakeZenithStyle,159
91,Face Wash,Health & Beauty,FakeLuxeAura,556
92,Phone Case,Electronics,FakeLuxeAura,501
93,Pen Set,Home Appliances,FakeEtherealEdge,144
94,Running Shoes,Office Supplies,FakeEtherealEdge,677
95,Webcam,Health & Beauty,FakeZenithStyle,638
96,Desk Lamp,Office Supplies,FakeEtherealEdge,334
97,Laptop Stand,Home & Kitchen,FakeVelvetVista,532
98,Wireless Headphones,Electronics,FakeUrbanGlow,670
99,Water Bottle,Fashion & Accessories,FakeZenithStyle,540
100,Perfume,Personal Care,FakeUrbanGlow,750
101,Backpack,Sports & Fitness,FakeZenithStyle,375
102,Gaming Mouse,Health & Beauty,FakeVelvetVista,960
103,Screen Protector,Home & Kitchen,FakeEtherealEdge,792
104,Face Wash,Personal Care,FakeEtherealEdge,778
105,Moisturizer,Personal Care,FakeUrbanGlow,293
106,Dinner Plate Set,Home & Kitchen,FakeEtherealEdge,310
107,Mechanical Keyboard,Mobile Accessories,FakeEtherealEdge,574
108,Desk Lamp,Personal Care,FakeLuxeAura,431
109,Iron Box,Health & Beauty,FakeUrbanGlow,300
110,Smart Ring,Health & Beauty,FakeLuxeAura,545
111,Bluetooth Speaker,Personal Care,FakeUrbanGlow,771
112,Laptop Stand,Office Supplies,FakeLuxeAura,753
113,Coffee Mug,Fashion & Accessories,FakeUrbanGlow,622
114,Iron Box,Fashion & Accessories,FakeEtherealEdge,245
115,Air Purifier,Electronics,FakeUrbanGlow,587
116,Sunglasses,Electronics,FakeEtherealEdge,769
117,Wall Clock,Mobile Accessories,FakeLuxeAura,812
118,Hair Dryer,Fashion & Accessories,FakeVelvetVista,275
119,Moisturizer,Fashion & Accessories,FakeEtherealEdge,706
120,Phone Case,Electronics,FakeVelvetVista,818
121,Pen Set,Electronics,FakeVelvetVista,401
122,Hair Dryer,Fashion & Accessories,FakeEtherealEdge,597
123,Screen Protector,Personal Care,FakeLuxeAura,756
124,Electric Kettle,Mobile Accessories,FakeUrbanGlow,669
125,Running Shoes,Mobile Accessories,FakeZenithStyle,162
126,Phone Case,Health & Beauty,FakeZenithStyle,440
127,Coffee Mug,Kitchen Appliances,FakeZenithStyle,316
128,Backpack,Home & Kitchen,FakeEtherealEdge,338
129,Wall Clock,Office Supplies,FakeUrbanGlow,869
130,Fitness Band,Fashion & Accessories,FakeZenithStyle,436
131,Phone Case,Personal Care,FakeEtherealEdge,488
132,Blender,Health & Beauty,FakeLuxeAura,915
133,Moisturizer,Sports & Fitness,FakeLuxeAura,668
134,Toothbrush,Home Appliances,FakeUrbanGlow,660
135,Running Shoes,Mobile Accessories,FakeZenithStyle,408
136,Sunglasses,Home & Kitchen,FakeVelvetVista,102
137,Coffee Mug,Sports & Fitness,FakeLuxeAura,349
138,Dinner Plate Set,Office Supplies,FakeEtherealEdge,832
139,Running Shoes,Mobile Accessories,FakeVelvetVista,529
140,Iron Box,Home & Kitchen,FakeLuxeAura,786
141,Charging Cable,Electronics,FakeVelvetVista,389
142,Iron Box,Fashion & Accessories,FakeVelvetVista,156
143,Electric Kettle,Office Supplies,FakeLuxeAura,563
144,Face Wash,Sports & Fitness,FakeZenithStyle,894
145,Coffee Mug,Personal Care,FakeVelvetVista,121
146,Mechanical Keyboard,Office Supplies,FakeLuxeAura,771
147,Dinner Plate Set,Office Supplies,FakeVelvetVista,121
148,Blender,Fashion & Accessories,FakeEtherealEdge,467
149,Cutlery Set,Mobile Accessories,FakeZenithStyle,931
150,Perfume,Home & Kitchen,FakeUrbanGlow,889
151,Power Bank,Office Supplies,FakeUrbanGlow,765
152,Cutlery Set,Office Supplies,FakeLuxeAura,955
153,Photo Frame,Fashion & Accessories,FakeUrbanGlow,843
154,Microwave,Home & Kitchen,FakeEtherealEdge,354
155,Webcam,Kitchen Appliances,FakeVelvetVista,693
156,Chopping Board,Home & Kitchen,FakeLuxeAura,414
157,Wall Clock,Office Supplies,FakeZenithStyle,715
158,Power Bank,Personal Care,FakeLuxeAura,560
159,Bluetooth Speaker,Personal Care,FakeUrbanGlow,515
160,Phone Case,Fashion & Accessories,FakeEtherealEdge,659
161,Vacuum Cleaner,Home & Kitchen,FakeEtherealEdge,897
162,Photo Frame,Sports & Fitness,FakeEtherealEdge,957
163,Desk Lamp,Fashion & Accessories,FakeVelvetVista,615
164,Photo Frame,Personal Care,FakeLuxeAura,666
165,Notebook Set,Mobile Accessories,FakeEtherealEdge,315
166,Mechanical Keyboard,Fashion & Accessories,FakeZenithStyle,174
167,Earbuds,Fashion & Accessories,FakeUrbanGlow,709
168,Power Bank,Home & Kitchen,FakeEtherealEdge,315
169,Earbuds,Health & Beauty,FakeUrbanGlow,293
170,Power Bank,Home Appliances,FakeEtherealEdge,432
171,Iron Box,Mobile Accessories,FakeVelvetVista,511
172,Photo Frame,Home Appliances,FakeZenithStyle,579
173,Webcam,Office Supplies,FakeLuxeAura,951
174,Rice Cooker,Electronics,FakeEtherealEdge,347
175,Microwave,Home Appliances,FakeLuxeAura,456
176,Laptop Stand,Office Supplies,FakeZenithStyle,823
177,Dinner Plate Set,Personal Care,FakeEtherealEdge,497
178,Yoga Mat,Personal Care,FakeEtherealEdge,765
179,Gaming Mouse,Home Appliances,FakeZenithStyle,630
180,Air Purifier,Office Supplies,FakeZenithStyle,351
181,Mixer,Home Appliances,FakeVelvetVista,482
182,Blender,Fashion & Accessories,FakeUrbanGlow,470
183,Charging Cable,Fashion & Accessories,FakeLuxeAura,662
184,Earbuds,Sports & Fitness,FakeVelvetVista,509
185,Webcam,Home Appliances,FakeLuxeAura,934
186,Electric Kettle,Mobile Accessories,FakeVelvetVista,528
187,Mechanical Keyboard,Home & Kitchen,FakeLuxeAura,165
188,Air Purifier,Electronics,FakeZenithStyle,364
189,Running Shoes,Mobile Accessories,FakeLuxeAura,819
190,Coffee Mug,Home & Kitchen,FakeUrbanGlow,296
191,Water Purifier,Kitchen Appliances,FakeUrbanGlow,756
192,Backpack,Health & Beauty,FakeUrbanGlow,820
193,Laptop Stand,Office Supplies,FakeZenithStyle,213
194,Toothbrush,Home Appliances,FakeLuxeAura,316
195,Perfume,Mobile Accessories,FakeEtherealEdge,418
196,Vacuum Cleaner,Home & Kitchen,FakeVelvetVista,399
197,Lipstick,Office Supplies,FakeVelvetVista,570
198,Notebook Set,Health & Beauty,FakeZenithStyle,543
199,USB Hub,Home & Kitchen,FakeZenithStyle,292
200,Rice Cooker,Home & Kitchen,FakeUrbanGlow,691
201,Pen Set,Sports & Fitness,FakeLuxeAura,242
202,Wall Clock,Health & Beauty,FakeLuxeAura,439
203,Iron Box,Fashion & Accessories,FakeEtherealEdge,476
204,Coffee Mug,Fashion & Accessories,FakeLuxeAura,240
205,Rice Cooker,Office Supplies,FakeVelvetVista,893
206,Smart Ring,Personal Care,FakeVelvetVista,366
207,Notebook Set,Office Supplies,FakeEtherealEdge,502
208,Foundation,Office Supplies,FakeZenithStyle,874
209,Running Shoes,Health & Beauty,FakeUrbanGlow,768
210,Toothbrush,Office Supplies,FakeUrbanGlow,234
211,Wireless Headphones,Home & Kitchen,FakeLuxeAura,730
212,Sunglasses,Fashion & Accessories,FakeZenithStyle,741
213,Kitchen Knife,Kitchen Appliances,FakeUrbanGlow,651
214,Moisturizer,Health & Beauty,FakeLuxeAura,561
215,Wall Clock,Health & Beauty,FakeEtherealEdge,788
216,Water Purifier,Kitchen Appliances,FakeVelvetVista,207
217,Coffee Mug,Office Supplies,FakeVelvetVista,617
218,Chopping Board,Electronics,FakeVelvetVista,879
219,Webcam,Sports & Fitness,FakeZenithStyle,626
220,Phone Case,Home Appliances,FakeLuxeAura,157
221,Electric Shaver,Home Appliances,FakeEtherealEdge,108
222,Moisturizer,Kitchen Appliances,FakeZenithStyle,129
223,Kitchen Knife,Personal Care,FakeEtherealEdge,612
224,USB Hub,Mobile Accessories,FakeUrbanGlow,291
225,Moisturizer,Health & Beauty,FakeZenithStyle,939
226,Vacuum Cleaner,Electronics,FakeZenithStyle,206
227,Smart Ring,Personal Care,FakeVelvetVista,653
228,Earbuds,Sports & Fitness,FakeEtherealEdge,648
229,Gaming Mouse,Mobile Accessories,FakeEtherealEdge,339
230,Perfume,Home Appliances,FakeLuxeAura,225
231,Mechanical Keyboard,Kitchen Appliances,FakeZenithStyle,597
232,Laptop Stand,Fashion & Accessories,FakeUrbanGlow,754
233,Non Stick Pan,Home Appliances,FakeEtherealEdge,245
234,Yoga Mat,Personal Care,FakeLuxeAura,478
235,Dinner Plate Set,Office Supplies,FakeLuxeAura,506
236,Earbuds,Kitchen Appliances,FakeZenithStyle,760
237,Backpack,Office Supplies,FakeZenithStyle,515
238,Water Purifier,Office Supplies,FakeLuxeAura,969
239,Yoga Mat,Sports & Fitness,FakeZenithStyle,717
240,Dinner Plate Set,Fashion & Accessories,FakeVelvetVista,782
241,Phone Case,Sports & Fitness,FakeEtherealEdge,547
242,Moisturizer,Home & Kitchen,FakeLuxeAura,755
243,Smart Ring,Health & Beauty,FakeVelvetVista,739
244,Mixer,Electronics,FakeLuxeAura,414
245,Wireless Headphones,Electronics,FakeUrbanGlow,117
246,Yoga Mat,Kitchen Appliances,FakeZenithStyle,909
247,Backpack,Mobile Accessories,FakeEtherealEdge,625
248,Pen Set,Electronics,FakeVelvetVista,210
249,Gaming Mouse,Health & Beauty,FakeZenithStyle,525
250,Electric Shaver,Mobile Accessories,FakeUrbanGlow,605
251,Air Purifier,Mobile Accessories,FakeEtherealEdge,415
252,Rice Cooker,Health & Beauty,FakeEtherealEdge,879
253,Yoga Mat,Home & Kitchen,FakeLuxeAura,609
254,Cutlery Set,Kitchen Appliances,FakeLuxeAura,699
255,Power Bank,Home Appliances,FakeVelvetVista,709
256,Microwave,Electronics,FakeUrbanGlow,132
257,Vacuum Cleaner,Office Supplies,FakeUrbanGlow,490
258,Bluetooth Speaker,Home & Kitchen,FakeVelvetVista,361
259,Water Bottle,Home Appliances,FakeEtherealEdge,281
260,Screen Protector,Office Supplies,FakeUrbanGlow,915
261,Charging Cable,Kitchen Appliances,FakeVelvetVista,350
262,Microwave,Mobile Accessories,FakeVelvetVista,345
263,Running Shoes,Mobile Accessories,FakeEtherealEdge,824
264,Trimmer,Kitchen Appliances,FakeUrbanGlow,731
265,Gaming Mouse,Health & Beauty,FakeLuxeAura,124
266,Webcam,Home & Kitchen,FakeEtherealEdge,427
267,Phone Case,Home & Kitchen,FakeLuxeAura,592
268,Charging Cable,Kitchen Appliances,FakeVelvetVista,734
269,Foundation,Fashion & Accessories,FakeLuxeAura,225
270,Microwave,Home & Kitchen,FakeVelvetVista,323
271,Cutlery Set,Fashion & Accessories,FakeLuxeAura,186
272,Non Stick Pan,Home & Kitchen,FakeZenithStyle,848
273,Webcam,Office Supplies,FakeEtherealEdge,220
274,Iron Box,Sports & Fitness,FakeEtherealEdge,939
275,Smart Ring,Electronics,FakeZenithStyle,925
276,Hair Dryer,Home Appliances,FakeZenithStyle,646
277,Phone Case,Kitchen Appliances,FakeZenithStyle,742
278,Lipstick,Mobile Accessories,FakeEtherealEdge,688
279,Backpack,Health & Beauty,FakeVelvetVista,164
280,Running Shoes,Fashion & Accessories,FakeLuxeAura,603
281,Cutlery Set,Home Appliances,FakeUrbanGlow,239
282,Cutlery Set,Home & Kitchen,FakeZenithStyle,634
283,Bluetooth Speaker,Personal Care,FakeLuxeAura,800
284,Chopping Board,Fashion & Accessories,FakeEtherealEdge,495
285,USB Hub,Mobile Accessories,FakeLuxeAura,660
286,Face Wash,Home Appliances,FakeUrbanGlow,504
287,Leather Wallet,Health & Beauty,FakeLuxeAura,443
288,Microwave,Mobile Accessories,FakeEtherealEdge,334
289,Kitchen Knife,Personal Care,FakeVelvetVista,548
290,Air Purifier,Fashion & Accessories,FakeEtherealEdge,381
291,Dinner Plate Set,Health & Beauty,FakeVelvetVista,206
292,Hair Dryer,Kitchen Appliances,FakeLuxeAura,988
293,Photo Frame,Electronics,FakeUrbanGlow,308
294,Gaming Mouse,Office Supplies,FakeZenithStyle,521
295,Notebook Set,Sports & Fitness,FakeEtherealEdge,196
296,Desk Lamp,Health & Beauty,FakeLuxeAura,444
297,Mixer,Home & Kitchen,FakeZenithStyle,757
298,Perfume,Mobile Accessories,FakeEtherealEdge,617
299,Backpack,Home Appliances,FakeZenithStyle,168
300,Perfume,Electronics,FakeLuxeAura,708
301,Fitness Band,Mobile Accessories,FakeZenithStyle,787
302,Vacuum Cleaner,Kitchen Appliances,FakeUrbanGlow,976
303,Photo Frame,Kitchen Appliances,FakeUrbanGlow,111
304,Sunglasses,Sports & Fitness,FakeVelvetVista,734
305,Water Purifier,Home & Kitchen,FakeEtherealEdge,428
306,Laptop Stand,Home Appliances,FakeZenithStyle,642
307,Cutlery Set,Home Appliances,FakeLuxeAura,579
308,Running Shoes,Mobile Accessories,FakeZenithStyle,674
309,Vacuum Cleaner,Office Supplies,FakeZenithStyle,821
310,Electric Shaver,Personal Care,FakeVelvetVista,925
311,Screen Protector,Kitchen Appliances,FakeZenithStyle,773
312,Screen Protector,Fashion & Accessories,FakeZenithStyle,191
313,Rice Cooker,Health & Beauty,FakeLuxeAura,259
314,Notebook Set,Electronics,FakeUrbanGlow,773
315,Mixer,Home & Kitchen,FakeLuxeAura,621
316,Microwave,Kitchen Appliances,FakeVelvetVista,207
317,Microwave,Home & Kitchen,FakeZenithStyle,210
318,Iron Box,Home Appliances,FakeVelvetVista,134
319,Smart Ring,Electronics,FakeVelvetVista,445
320,Iron Box,Home Appliances,FakeLuxeAura,989
321,Toothbrush,Fashion & Accessories,FakeZenithStyle,113
322,Perfume,Kitchen Appliances,FakeLuxeAura,408
323,Wall Clock,Personal Care,FakeUrbanGlow,201
324,Smart Watch,Home Appliances,FakeEtherealEdge,624
325,Desk Lamp,Health & Beauty,FakeUrbanGlow,887
326,Microwave,Electronics,FakeZenithStyle,306
327,Vacuum Cleaner,Home Appliances,FakeZenithStyle,510
328,Iron Box,Personal Care,FakeZenithStyle,997
329,Electric Shaver,Home & Kitchen,FakeVelvetVista,354
330,Gaming Mouse,Sports & Fitness,FakeVelvetVista,341
331,Leather Wallet,Mobile Accessories,FakeEtherealEdge,571
332,Notebook Set,Fashion & Accessories,FakeUrbanGlow,303
333,Rice Cooker,Fashion & Accessories,FakeUrbanGlow,335
334,Smart Ring,Health & Beauty,FakeVelvetVista,159
335,Water Bottle,Mobile Accessories,FakeLuxeAura,575
336,Vacuum Cleaner,Personal Care,FakeLuxeAura,705
337,Kitchen Knife,Home & Kitchen,FakeZenithStyle,443
338,Power Bank,Fashion & Accessories,FakeEtherealEdge,154
339,Phone Case,Fashion & Accessories,FakeUrbanGlow,442
340,Blender,Personal Care,FakeVelvetVista,911
341,Running Shoes,Home & Kitchen,FakeUrbanGlow,948
342,Screen Protector,Electronics,FakeUrbanGlow,815
343,Water Bottle,Mobile Accessories,FakeUrbanGlow,709
344,Kitchen Knife,Home Appliances,FakeZenithStyle,863
345,Photo Frame,Personal Care,FakeUrbanGlow,178
346,Photo Frame,Office Supplies,FakeUrbanGlow,318
347,Perfume,Home Appliances,FakeEtherealEdge,922
348,Foundation,Home & Kitchen,FakeVelvetVista,833
349,Mechanical Keyboard,Fashion & Accessories,FakeLuxeAura,595
350,Foundation,Health & Beauty,FakeLuxeAura,691
351,Electric Kettle,Health & Beauty,FakeVelvetVista,210
352,Pen Set,Home Appliances,FakeEtherealEdge,535
353,Gaming Mouse,Fashion & Accessories,FakeEtherealEdge,116
354,Sunglasses,Sports & Fitness,FakeLuxeAura,794
355,Leather Wallet,Home Appliances,FakeVelvetVista,946
356,Charging Cable,Personal Care,FakeLuxeAura,213
357,Toothbrush,Health & Beauty,FakeUrbanGlow,594
358,Water Bottle,Home Appliances,FakeUrbanGlow,353
359,Hair Dryer,Home & Kitchen,FakeVelvetVista,452
360,Bluetooth Speaker,Home Appliances,FakeVelvetVista,375
361,Phone Case,Kitchen Appliances,FakeLuxeAura,329
362,Moisturizer,Personal Care,FakeEtherealEdge,151
363,Air Purifier,Mobile Accessories,FakeVelvetVista,486
364,Smart Watch,Fashion & Accessories,FakeZenithStyle,605
365,Perfume,Office Supplies,FakeEtherealEdge,686
366,Mechanical Keyboard,Office Supplies,FakeUrbanGlow,830
367,Trimmer,Kitchen Appliances,FakeZenithStyle,123
368,USB Hub,Electronics,FakeVelvetVista,194
369,Earbuds,Fashion & Accessories,FakeLuxeAura,403
370,Wall Clock,Personal Care,FakeUrbanGlow,869
371,Face Wash,Sports & Fitness,FakeZenithStyle,443
372,Earbuds,Mobile Accessories,FakeVelvetVista,397
373,Laptop Stand,Personal Care,FakeLuxeAura,546
374,Backpack,Home & Kitchen,FakeZenithStyle,846
375,Laptop Stand,Office Supplies,FakeZenithStyle,889
376,Laptop Stand,Sports & Fitness,FakeVelvetVista,470
377,Hair Dryer,Kitchen Appliances,FakeEtherealEdge,211
378,Wall Clock,Electronics,FakeLuxeAura,547
379,Hair Dryer,Mobile Accessories,FakeLuxeAura,192
380,Lipstick,Sports & Fitness,FakeVelvetVista,156
381,Electric Shaver,Sports & Fitness,FakeUrbanGlow,221
382,Cutlery Set,Sports & Fitness,FakeZenithStyle,863
383,Wireless Headphones,Kitchen Appliances,FakeEtherealEdge,795
384,Power Bank,Fashion & Accessories,FakeEtherealEdge,708
385,Pen Set,Home & Kitchen,FakeEtherealEdge,215
386,Coffee Mug,Sports & Fitness,FakeZenithStyle,462
387,Kitchen Knife,Electronics,FakeZenithStyle,361
388,Chopping Board,Electronics,FakeUrbanGlow,336
389,Electric Shaver,Sports & Fitness,FakeLuxeAura,700
390,Mechanical Keyboard,Personal Care,FakeZenithStyle,675
391,Backpack,Sports & Fitness,FakeUrbanGlow,131
392,Desk Lamp,Home & Kitchen,FakeEtherealEdge,504
393,Hair Dryer,Kitchen Appliances,FakeVelvetVista,258
394,Moisturizer,Home Appliances,FakeVelvetVista,295
395,Dinner Plate Set,Kitchen Appliances,FakeVelvetVista,784
396,Cutlery Set,Health & Beauty,FakeZenithStyle,689
397,Backpack,Mobile Accessories,FakeEtherealEdge,275
398,Mixer,Electronics,FakeLuxeAura,151
399,Pen Set,Home Appliances,FakeUrbanGlow,390
400,Rice Cooker,Kitchen Appliances,FakeZenithStyle,916
401,Pen Set,Office Supplies,FakeUrbanGlow,975
402,Backpack,Office Supplies,FakeVelvetVista,402
403,Notebook Set,Sports & Fitness,FakeLuxeAura,906
404,Moisturizer,Kitchen Appliances,FakeZenithStyle,897
405,Iron Box,Electronics,FakeVelvetVista,325
406,Water Purifier,Electronics,FakeZenithStyle,124
407,Charging Cable,Home & Kitchen,FakeVelvetVista,282
408,Fitness Band,Sports & Fitness,FakeUrbanGlow,153
409,Backpack,Mobile Accessories,FakeLuxeAura,680
410,Electric Shaver,Personal Care,FakeUrbanGlow,361
411,Iron Box,Fashion & Accessories,FakeVelvetVista,317
412,Non Stick Pan,Home Appliances,FakeUrbanGlow,201
413,Vacuum Cleaner,Home & Kitchen,FakeEtherealEdge,188
414,Wireless Headphones,Kitchen Appliances,FakeEtherealEdge,734
415,Smart Watch,Electronics,FakeEtherealEdge,703
416,Bluetooth Speaker,Office Supplies,FakeLuxeAura,214
417,Power Bank,Kitchen Appliances,FakeLuxeAura,371
418,Iron Box,Health & Beauty,FakeEtherealEdge,212
419,Perfume,Kitchen Appliances,FakeVelvetVista,860
420,Non Stick Pan,Health & Beauty,FakeLuxeAura,422
421,Rice Cooker,Personal Care,FakeLuxeAura,828
422,Dinner Plate Set,Home Appliances,FakeEtherealEdge,461
423,Photo Frame,Home Appliances,FakeLuxeAura,558
424,Mixer,Mobile Accessories,FakeEtherealEdge,702
425,Coffee Mug,Fashion & Accessories,FakeUrbanGlow,792
426,Gaming Mouse,Office Supplies,FakeEtherealEdge,488
427,Blender,Kitchen Appliances,FakeZenithStyle,463
428,Yoga Mat,Sports & Fitness,FakeZenithStyle,902
429,Sunglasses,Home & Kitchen,FakeLuxeAura,154
430,Kitchen Knife,Personal Care,FakeZenithStyle,192
431,Charging Cable,Home Appliances,FakeZenithStyle,802
432,Wireless Headphones,Home Appliances,FakeVelvetVista,418
433,Backpack,Electronics,FakeEtherealEdge,686
434,Coffee Mug,Mobile Accessories,FakeLuxeAura,383
435,Smart Ring,Kitchen Appliances,FakeUrbanGlow,419
436,Water Bottle,Home Appliances,FakeUrbanGlow,664
437,Charging Cable,Home & Kitchen,FakeZenithStyle,975
438,Chopping Board,Personal Care,FakeVelvetVista,561
439,Microwave,Home & Kitchen,FakeVelvetVista,199
440,Trimmer,Office Supplies,FakeEtherealEdge,587
441,Running Shoes,Electronics,FakeZenithStyle,647
442,Leather Wallet,Sports & Fitness,FakeUrbanGlow,860
443,Laptop Stand,Office Supplies,FakeLuxeAura,427
444,Moisturizer,Personal Care,FakeUrbanGlow,703
445,Wall Clock,Electronics,FakeVelvetVista,228
446,Non Stick Pan,Mobile Accessories,FakeLuxeAura,849
447,Phone Case,Fashion & Accessories,FakeVelvetVista,175
448,Running Shoes,Office Supplies,FakeLuxeAura,380
449,Earbuds,Mobile Accessories,FakeLuxeAura,609
450,Foundation,Home & Kitchen,FakeVelvetVista,155
451,Leather Wallet,Personal Care,FakeEtherealEdge,655
452,Dinner Plate Set,Electronics,FakeZenithStyle,102
453,Smart Watch,Mobile Accessories,FakeVelvetVista,620
454,Laptop Stand,Electronics,FakeUrbanGlow,286
455,Backpack,Fashion & Accessories,FakeLuxeAura,548
456,Leather Wallet,Mobile Accessories,FakeEtherealEdge,273
457,Gaming Mouse,Home & Kitchen,FakeUrbanGlow,214
458,Smart Ring,Mobile Accessories,FakeLuxeAura,580
459,Leather Wallet,Home & Kitchen,FakeLuxeAura,475
460,Mixer,Kitchen Appliances,FakeVelvetVista,173
461,Wireless Headphones,Health & Beauty,FakeLuxeAura,597
462,Face Wash,Fashion & Accessories,FakeLuxeAura,133
463,Wall Clock,Kitchen Appliances,FakeZenithStyle,550
464,Toothbrush,Home & Kitchen,FakeZenithStyle,368
465,Laptop Stand,Kitchen Appliances,FakeZenithStyle,178
466,Microwave,Mobile Accessories,FakeVelvetVista,283
467,Backpack,Office Supplies,FakeEtherealEdge,245
468,Webcam,Home Appliances,FakeEtherealEdge,830
469,Fitness Band,Fashion & Accessories,FakeZenithStyle,332
470,Blender,Home Appliances,FakeUrbanGlow,889
471,Kitchen Knife,Home & Kitchen,FakeVelvetVista,329
472,Screen Protector,Fashion & Accessories,FakeZenithStyle,661
473,Yoga Mat,Mobile Accessories,FakeVelvetVista,513
474,Perfume,Personal Care,FakeUrbanGlow,874
475,Mechanical Keyboard,Office Supplies,FakeZenithStyle,669
476,Fitness Band,Health & Beauty,FakeUrbanGlow,207
477,Desk Lamp,Sports & Fitness,FakeEtherealEdge,534
478,Pen Set,Mobile Accessories,FakeZenithStyle,100
479,Cutlery Set,Fashion & Accessories,FakeEtherealEdge,371
480,Trimmer,Home & Kitchen,FakeVelvetVista,665
481,Mixer,Personal Care,FakeUrbanGlow,269
482,Perfume,Mobile Accessories,FakeEtherealEdge,849
483,Water Purifier,Office Supplies,FakeUrbanGlow,410
484,Perfume,Health & Beauty,FakeLuxeAura,612
485,Iron Box,Electronics,FakeLuxeAura,257
486,Hair Dryer,Personal Care,FakeEtherealEdge,559
487,Coffee Mug,Home & Kitchen,FakeEtherealEdge,422
488,Trimmer,Electronics,FakeVelvetVista,417
489,Pen Set,Home Appliances,FakeZenithStyle,431
490,Desk Lamp,Home & Kitchen,FakeUrbanGlow,720
491,Vacuum Cleaner,Office Supplies,FakeEtherealEdge,143
492,Hair Dryer,Fashion & Accessories,FakeLuxeAura,106
493,Mixer,Home Appliances,FakeUrbanGlow,579
494,Toothbrush,Mobile Accessories,FakeUrbanGlow,740
495,Trimmer,Sports & Fitness,FakeZenithStyle,616
496,USB Hub,Kitchen Appliances,FakeZenithStyle,378
497,Perfume,Electronics,FakeLuxeAura,508
498,Desk Lamp,Home & Kitchen,FakeEtherealEdge,798
499,Non Stick Pan,Home Appliances,FakeUrbanGlow,523
500,Blender,Fashion & Accessories,FakeZenithStyle,214
501,Notebook Set,Home Appliances,FakeLuxeAura,801
502,Vacuum Cleaner,Mobile Accessories,FakeEtherealEdge,998
503,Air Purifier,Electronics,FakeUrbanGlow,886
504,Fitness Band,Office Supplies,FakeUrbanGlow,626
505,Trimmer,Health & Beauty,FakeEtherealEdge,544
506,USB Hub,Personal Care,FakeVelvetVista,782
507,Power Bank,Mobile Accessories,FakeZenithStyle,606
508,Wall Clock,Kitchen Appliances,FakeLuxeAura,712
509,Cutlery Set,Kitchen Appliances,FakeVelvetVista,461
510,Mechanical Keyboard,Mobile Accessories,FakeEtherealEdge,694
511,Mechanical Keyboard,Fashion & Accessories,FakeUrbanGlow,549
512,Running Shoes,Kitchen Appliances,FakeVelvetVista,650
513,Fitness Band,Sports & Fitness,FakeZenithStyle,970
514,Water Bottle,Kitchen Appliances,FakeZenithStyle,944
515,Blender,Electronics,FakeLuxeAura,534
516,Mechanical Keyboard,Sports & Fitness,FakeUrbanGlow,127
517,Moisturizer,Home Appliances,FakeLuxeAura,426
518,Desk Lamp,Mobile Accessories,FakeVelvetVista,903
519,Vacuum Cleaner,Fashion & Accessories,FakeEtherealEdge,120
520,Yoga Mat,Office Supplies,FakeZenithStyle,436
521,Rice Cooker,Sports & Fitness,FakeZenithStyle,411
522,Smart Ring,Electronics,FakeLuxeAura,850
523,Earbuds,Kitchen Appliances,FakeEtherealEdge,229
524,Mechanical Keyboard,Kitchen Appliances,FakeVelvetVista,199
525,Dinner Plate Set,Kitchen Appliances,FakeEtherealEdge,823
526,Iron Box,Personal Care,FakeUrbanGlow,954
527,Kitchen Knife,Home Appliances,FakeVelvetVista,777
528,Trimmer,Office Supplies,FakeUrbanGlow,841
529,Laptop Stand,Fashion & Accessories,FakeLuxeAura,337
530,Leather Wallet,Home Appliances,FakeLuxeAura,961
531,Blender,Home & Kitchen,FakeZenithStyle,381
532,Water Bottle,Personal Care,FakeEtherealEdge,715
533,Vacuum Cleaner,Office Supplies,FakeVelvetVista,762
534,Photo Frame,Fashion & Accessories,FakeVelvetVista,828
535,Running Shoes,Health & Beauty,FakeZenithStyle,535
536,Sunglasses,Mobile Accessories,FakeEtherealEdge,356
537,Lipstick,Sports & Fitness,FakeUrbanGlow,728
538,Dinner Plate Set,Fashion & Accessories,FakeVelvetVista,986
539,Dinner Plate Set,Sports & Fitness,FakeLuxeAura,468
540,Toothbrush,Electronics,FakeEtherealEdge,624
541,Mixer,Electronics,FakeVelvetVista,425
542,Cutlery Set,Fashion & Accessories,FakeLuxeAura,576
543,Face Wash,Mobile Accessories,FakeUrbanGlow,953
544,Blender,Fashion & Accessories,FakeEtherealEdge,157
545,Lipstick,Office Supplies,FakeZenithStyle,747
546,Vacuum Cleaner,Office Supplies,FakeLuxeAura,373
547,Webcam,Health & Beauty,FakeEtherealEdge,421
548,Air Purifier,Personal Care,FakeVelvetVista,872
549,Mixer,Electronics,FakeZenithStyle,576
550,Kitchen Knife,Home Appliances,FakeVelvetVista,347
551,Electric Kettle,Electronics,FakeLuxeAura,202
552,Running Shoes,Health & Beauty,FakeLuxeAura,935
553,Kitchen Knife,Electronics,FakeUrbanGlow,452
554,Trimmer,Home Appliances,FakeEtherealEdge,127
555,Fitness Band,Mobile Accessories,FakeUrbanGlow,364
556,Charging Cable,Fashion & Accessories,FakeVelvetVista,731
557,Water Bottle,Kitchen Appliances,FakeEtherealEdge,436
558,Charging Cable,Mobile Accessories,FakeUrbanGlow,133
559,Microwave,Home Appliances,FakeEtherealEdge,812
560,Non Stick Pan,Home Appliances,FakeVelvetVista,335
561,Bluetooth Speaker,Home & Kitchen,FakeZenithStyle,156
562,USB Hub,Office Supplies,FakeVelvetVista,417
563,Mixer,Office Supplies,FakeUrbanGlow,586
564,Pen Set,Sports & Fitness,FakeVelvetVista,613
565,Smart Ring,Home Appliances,FakeVelvetVista,546
566,Photo Frame,Kitchen Appliances,FakeUrbanGlow,410
567,Face Wash,Home Appliances,FakeLuxeAura,315
568,Microwave,Home & Kitchen,FakeLuxeAura,718
569,Smart Watch,Fashion & Accessories,FakeLuxeAura,698
570,Trimmer,Home & Kitchen,FakeUrbanGlow,986
571,Foundation,Kitchen Appliances,FakeEtherealEdge,465
572,Wall Clock,Home & Kitchen,FakeZenithStyle,294
573,Electric Shaver,Personal Care,FakeUrbanGlow,195
574,Fitness Band,Sports & Fitness,FakeEtherealEdge,810
575,Running Shoes,Office Supplies,FakeZenithStyle,386
576,Laptop Stand,Home Appliances,FakeLuxeAura,244
577,Dinner Plate Set,Fashion & Accessories,FakeVelvetVista,613
578,Dinner Plate Set,Fashion & Accessories,FakeLuxeAura,112
579,Trimmer,Electronics,FakeLuxeAura,650
580,Earbuds,Electronics,FakeVelvetVista,950
581,Gaming Mouse,Mobile Accessories,FakeZenithStyle,148
582,Electric Kettle,Fashion & Accessories,FakeLuxeAura,845
583,Mechanical Keyboard,Sports & Fitness,FakeVelvetVista,846
584,Water Bottle,Mobile Accessories,FakeLuxeAura,653
585,Lipstick,Health & Beauty,FakeLuxeAura,851
586,Non Stick Pan,Mobile Accessories,FakeEtherealEdge,691
587,Perfume,Electronics,FakeVelvetVista,233
588,Foundation,Fashion & Accessories,FakeVelvetVista,485
589,Desk Lamp,Kitchen Appliances,FakeEtherealEdge,825
590,Toothbrush,Kitchen Appliances,FakeZenithStyle,198
591,Smart Ring,Office Supplies,FakeUrbanGlow,391
592,Non Stick Pan,Office Supplies,FakeZenithStyle,713
593,USB Hub,Home & Kitchen,FakeEtherealEdge,433
594,Iron Box,Health & Beauty,FakeLuxeAura,604
595,Dinner Plate Set,Home & Kitchen,FakeZenithStyle,359
596,Desk Lamp,Fashion & Accessories,FakeEtherealEdge,383
597,Yoga Mat,Sports & Fitness,FakeVelvetVista,493
598,Non Stick Pan,Home Appliances,FakeEtherealEdge,648
599,Smart Watch,Health & Beauty,FakeUrbanGlow,656
600,Dinner Plate Set,Health & Beauty,FakeEtherealEdge,341
601,Hair Dryer,Mobile Accessories,FakeLuxeAura,831
602,Microwave,Fashion & Accessories,FakeLuxeAura,373
603,Running Shoes,Office Supplies,FakeLuxeAura,538
604,Wall Clock,Personal Care,FakeZenithStyle,266
605,Electric Kettle,Office Supplies,FakeVelvetVista,818
606,USB Hub,Office Supplies,FakeUrbanGlow,128
607,Wireless Headphones,Home & Kitchen,FakeVelvetVista,381
608,Coffee Mug,Electronics,FakeVelvetVista,835
609,Earbuds,Home & Kitchen,FakeLuxeAura,649
610,Electric Shaver,Office Supplies,FakeVelvetVista,516
611,Water Bottle,Kitchen Appliances,FakeZenithStyle,276
612,Chopping Board,Electronics,FakeVelvetVista,214
613,Perfume,Sports & Fitness,FakeUrbanGlow,779
614,Sunglasses,Health & Beauty,FakeUrbanGlow,705
615,Mechanical Keyboard,Home & Kitchen,FakeEtherealEdge,769
616,Notebook Set,Sports & Fitness,FakeLuxeAura,463
617,Wall Clock,Home Appliances,FakeUrbanGlow,738
618,Screen Protector,Home Appliances,FakeUrbanGlow,762
619,Dinner Plate Set,Personal Care,FakeVelvetVista,985
620,Dinner Plate Set,Home & Kitchen,FakeUrbanGlow,322
621,Air Purifier,Mobile Accessories,FakeVelvetVista,773
622,Cutlery Set,Sports & Fitness,FakeLuxeAura,428
623,Screen Protector,Home & Kitchen,FakeZenithStyle,242
624,Leather Wallet,Kitchen Appliances,FakeEtherealEdge,748
625,Coffee Mug,Sports & Fitness,FakeUrbanGlow,259
626,Power Bank,Kitchen Appliances,FakeVelvetVista,103
627,Water Bottle,Personal Care,FakeZenithStyle,170
628,Wireless Headphones,Electronics,FakeUrbanGlow,862
629,Toothbrush,Mobile Accessories,FakeEtherealEdge,854
630,Leather Wallet,Home Appliances,FakeEtherealEdge,871
631,Photo Frame,Home Appliances,FakeZenithStyle,148
632,Water Purifier,Office Supplies,FakeZenithStyle,239
633,Air Purifier,Kitchen Appliances,FakeEtherealEdge,153
634,Chopping Board,Personal Care,FakeEtherealEdge,993
635,Lipstick,Personal Care,FakeUrbanGlow,565
636,Wall Clock,Home Appliances,FakeVelvetVista,206
637,Pen Set,Home Appliances,FakeUrbanGlow,211
638,Hair Dryer,Mobile Accessories,FakeUrbanGlow,698
639,Earbuds,Health & Beauty,FakeLuxeAura,282
640,Dinner Plate Set,Home & Kitchen,FakeUrbanGlow,506
641,Blender,Electronics,FakeEtherealEdge,325
642,Water Bottle,Health & Beauty,FakeEtherealEdge,776
643,Dinner Plate Set,Health & Beauty,FakeUrbanGlow,281
644,Mixer,Home Appliances,FakeLuxeAura,982
645,Moisturizer,Personal Care,FakeLuxeAura,239
646,Perfume,Fashion & Accessories,FakeZenithStyle,262
647,Cutlery Set,Personal Care,FakeUrbanGlow,912
648,Yoga Mat,Sports & Fitness,FakeZenithStyle,449
649,Yoga Mat,Kitchen Appliances,FakeEtherealEdge,749
650,Gaming Mouse,Mobile Accessories,FakeVelvetVista,449
651,Iron Box,Mobile Accessories,FakeZenithStyle,219
652,Smart Watch,Personal Care,FakeEtherealEdge,925
653,Microwave,Fashion & Accessories,FakeUrbanGlow,628
654,Chopping Board,Fashion & Accessories,FakeUrbanGlow,354
655,Water Purifier,Mobile Accessories,FakeVelvetVista,255
656,Sunglasses,Personal Care,FakeVelvetVista,724
657,Chopping Board,Kitchen Appliances,FakeVelvetVista,765
658,Trimmer,Home & Kitchen,FakeZenithStyle,363
659,Trimmer,Mobile Accessories,FakeLuxeAura,272
660,Microwave,Sports & Fitness,FakeLuxeAura,818
661,Blender,Sports & Fitness,FakeEtherealEdge,745
662,Lipstick,Personal Care,FakeLuxeAura,676
663,Rice Cooker,Home & Kitchen,FakeVelvetVista,613
664,Photo Frame,Sports & Fitness,FakeZenithStyle,967
665,Gaming Mouse,Home & Kitchen,FakeLuxeAura,332
666,Iron Box,Home & Kitchen,FakeLuxeAura,578
667,Mixer,Fashion & Accessories,FakeLuxeAura,826
668,Earbuds,Personal Care,FakeZenithStyle,545
669,Bluetooth Speaker,Electronics,FakeZenithStyle,152
670,Blender,Office Supplies,FakeVelvetVista,746
671,Iron Box,Kitchen Appliances,FakeZenithStyle,226
672,Smart Watch,Health & Beauty,FakeUrbanGlow,339
673,Kitchen Knife,Office Supplies,FakeUrbanGlow,733
674,Rice Cooker,Health & Beauty,FakeUrbanGlow,106
675,Trimmer,Health & Beauty,FakeZenithStyle,397
676,Earbuds,Office Supplies,FakeLuxeAura,820
677,Electric Shaver,Fashion & Accessories,FakeLuxeAura,799
678,USB Hub,Fashion & Accessories,FakeUrbanGlow,622
679,Chopping Board,Office Supplies,FakeLuxeAura,512
680,Mixer,Kitchen Appliances,FakeLuxeAura,475
681,Smart Watch,Office Supplies,FakeEtherealEdge,313
682,Cutlery Set,Electronics,FakeLuxeAura,718
683,Lipstick,Personal Care,FakeUrbanGlow,556
684,Phone Case,Health & Beauty,FakeEtherealEdge,605
685,USB Hub,Health & Beauty,FakeLuxeAura,175
686,Water Bottle,Electronics,FakeZenithStyle,557
687,Vacuum Cleaner,Sports & Fitness,FakeZenithStyle,763
688,Electric Shaver,Personal Care,FakeZenithStyle,497
689,Toothbrush,Home Appliances,FakeVelvetVista,414
690,Electric Shaver,Office Supplies,FakeEtherealEdge,111
691,Chopping Board,Mobile Accessories,FakeZenithStyle,420
692,Wall Clock,Fashion & Accessories,FakeEtherealEdge,887
693,Electric Kettle,Office Supplies,FakeLuxeAura,331
694,Wall Clock,Electronics,FakeVelvetVista,589
695,Bluetooth Speaker,Personal Care,FakeVelvetVista,477
696,Perfume,Home Appliances,FakeVelvetVista,534
697,Sunglasses,Sports & Fitness,FakeZenithStyle,657
698,Notebook Set,Electronics,FakeLuxeAura,907
699,Phone Case,Home & Kitchen,FakeZenithStyle,899
700,Vacuum Cleaner,Personal Care,FakeEtherealEdge,824
701,Fitness Band,Personal Care,FakeZenithStyle,229
702,Wireless Headphones,Home & Kitchen,FakeZenithStyle,114
703,Smart Watch,Health & Beauty,FakeVelvetVista,378
704,Air Purifier,Fashion & Accessories,FakeZenithStyle,501
705,Webcam,Health & Beauty,FakeUrbanGlow,662
706,Toothbrush,Fashion & Accessories,FakeLuxeAura,389
707,Mechanical Keyboard,Mobile Accessories,FakeVelvetVista,454
708,Webcam,Home Appliances,FakeEtherealEdge,998
709,Microwave,Fashion & Accessories,FakeEtherealEdge,252
710,Backpack,Home Appliances,FakeUrbanGlow,114
711,Phone Case,Mobile Accessories,FakeZenithStyle,589
712,Smart Watch,Fashion & Accessories,FakeEtherealEdge,932
713,Desk Lamp,Electronics,FakeEtherealEdge,268
714,Non Stick Pan,Health & Beauty,FakeVelvetVista,643
715,Chopping Board,Kitchen Appliances,FakeZenithStyle,874
716,Charging Cable,Fashion & Accessories,FakeLuxeAura,708
717,Electric Shaver,Mobile Accessories,FakeVelvetVista,966
718,Foundation,Health & Beauty,FakeZenithStyle,467
719,Gaming Mouse,Sports & Fitness,FakeEtherealEdge,719
720,Cutlery Set,Mobile Accessories,FakeZenithStyle,363
721,Yoga Mat,Fashion & Accessories,FakeVelvetVista,130
722,Dinner Plate Set,Mobile Accessories,FakeLuxeAura,393
723,Sunglasses,Health & Beauty,FakeLuxeAura,773
724,Chopping Board,Mobile Accessories,FakeVelvetVista,354
725,Webcam,Electronics,FakeUrbanGlow,313
726,Rice Cooker,Home & Kitchen,FakeVelvetVista,456
727,Hair Dryer,Personal Care,FakeZenithStyle,613
728,Pen Set,Office Supplies,FakeVelvetVista,199
729,Cutlery Set,Health & Beauty,FakeUrbanGlow,790
730,Non Stick Pan,Fashion & Accessories,FakeVelvetVista,833
731,Iron Box,Health & Beauty,FakeZenithStyle,865
732,Desk Lamp,Home & Kitchen,FakeVelvetVista,121
733,Blender,Home Appliances,FakeEtherealEdge,124
734,Moisturizer,Home Appliances,FakeLuxeAura,435
735,Leather Wallet,Home & Kitchen,FakeZenithStyle,398
736,Pen Set,Kitchen Appliances,FakeVelvetVista,829
737,Running Shoes,Kitchen Appliances,FakeUrbanGlow,464
738,Perfume,Personal Care,FakeVelvetVista,101
739,Sunglasses,Home & Kitchen,FakeZenithStyle,260
740,Hair Dryer,Electronics,FakeEtherealEdge,862
741,Iron Box,Home Appliances,FakeZenithStyle,552
742,Power Bank,Home & Kitchen,FakeUrbanGlow,728
743,Photo Frame,Electronics,FakeUrbanGlow,870
744,Charging Cable,Office Supplies,FakeUrbanGlow,962
745,Wireless Headphones,Personal Care,FakeUrbanGlow,283
746,Moisturizer,Kitchen Appliances,FakeLuxeAura,649
747,Screen Protector,Mobile Accessories,FakeUrbanGlow,878
748,Leather Wallet,Home Appliances,FakeUrbanGlow,246
749,Yoga Mat,Fashion & Accessories,FakeUrbanGlow,990
750,Smart Ring,Personal Care,FakeUrbanGlow,886
751,Hair Dryer,Fashion & Accessories,FakeZenithStyle,910
752,Chopping Board,Kitchen Appliances,FakeEtherealEdge,451
753,Trimmer,Kitchen Appliances,FakeLuxeAura,891
754,USB Hub,Mobile Accessories,FakeUrbanGlow,212
755,Gaming Mouse,Office Supplies,FakeZenithStyle,525
756,Iron Box,Mobile Accessories,FakeEtherealEdge,589
757,Phone Case,Home Appliances,FakeEtherealEdge,717
758,Bluetooth Speaker,Personal Care,FakeUrbanGlow,336
759,Power Bank,Home & Kitchen,FakeUrbanGlow,142
760,Mechanical Keyboard,Personal Care,FakeVelvetVista,899
761,Gaming Mouse,Electronics,FakeUrbanGlow,537
762,Mixer,Personal Care,FakeUrbanGlow,659
763,Microwave,Office Supplies,FakeVelvetVista,672
764,Phone Case,Electronics,FakeVelvetVista,312
765,Cutlery Set,Fashion & Accessories,FakeZenithStyle,457
766,Moisturizer,Electronics,FakeZenithStyle,688
767,Cutlery Set,Home Appliances,FakeUrbanGlow,869
768,Wireless Headphones,Health & Beauty,FakeLuxeAura,913
769,Sunglasses,Mobile Accessories,FakeZenithStyle,592
770,Perfume,Office Supplies,FakeZenithStyle,164
771,Webcam,Electronics,FakeUrbanGlow,714
772,Earbuds,Health & Beauty,FakeLuxeAura,987
773,Smart Watch,Health & Beauty,FakeVelvetVista,792
774,Water Purifier,Personal Care,FakeEtherealEdge,763
775,Notebook Set,Home & Kitchen,FakeEtherealEdge,122
776,Electric Kettle,Home Appliances,FakeZenithStyle,347
777,Electric Shaver,Kitchen Appliances,FakeEtherealEdge,594
778,Foundation,Home Appliances,FakeZenithStyle,367
779,Screen Protector,Sports & Fitness,FakeZenithStyle,225
780,Yoga Mat,Mobile Accessories,FakeZenithStyle,310
781,Hair Dryer,Home & Kitchen,FakeLuxeAura,927
782,Vacuum Cleaner,Home & Kitchen,FakeEtherealEdge,927
783,Photo Frame,Personal Care,FakeLuxeAura,226
784,Perfume,Kitchen Appliances,FakeEtherealEdge,598
785,Laptop Stand,Personal Care,FakeLuxeAura,617
786,Dinner Plate Set,Home & Kitchen,FakeZenithStyle,332
787,Screen Protector,Sports & Fitness,FakeLuxeAura,854
788,Water Purifier,Office Supplies,FakeUrbanGlow,666
789,Chopping Board,Home Appliances,FakeZenithStyle,972
790,Backpack,Home Appliances,FakeUrbanGlow,838
791,USB Hub,Personal Care,FakeVelvetVista,723
792,Fitness Band,Fashion & Accessories,FakeZenithStyle,389
793,Notebook Set,Kitchen Appliances,FakeUrbanGlow,658
794,USB Hub,Electronics,FakeUrbanGlow,107
795,Blender,Office Supplies,FakeEtherealEdge,642
796,Mixer,Personal Care,FakeUrbanGlow,441
797,Notebook Set,Office Supplies,FakeZenithStyle,336
798,Microwave,Home Appliances,FakeUrbanGlow,101
799,Cutlery Set,Kitchen Appliances,FakeVelvetVista,829
800,Hair Dryer,Sports & Fitness,FakeLuxeAura,111
801,Smart Ring,Health & Beauty,FakeUrbanGlow,214
802,Earbuds,Fashion & Accessories,FakeVelvetVista,633
803,Coffee Mug,Sports & Fitness,FakeLuxeAura,958
804,Gaming Mouse,Health & Beauty,FakeVelvetVista,106
805,Yoga Mat,Kitchen Appliances,FakeEtherealEdge,869
806,Running Shoes,Home Appliances,FakeEtherealEdge,206
807,Moisturizer,Fashion & Accessories,FakeLuxeAura,438
808,Wireless Headphones,Office Supplies,FakeVelvetVista,268
809,Notebook Set,Home Appliances,FakeZenithStyle,342
810,Desk Lamp,Home & Kitchen,FakeZenithStyle,326
811,Running Shoes,Office Supplies,FakeEtherealEdge,920
812,Iron Box,Home Appliances,FakeVelvetVista,563
813,Trimmer,Electronics,FakeZenithStyle,242
814,Microwave,Fashion & Accessories,FakeVelvetVista,460
815,Fitness Band,Kitchen Appliances,FakeLuxeAura,247
816,Air Purifier,Electronics,FakeUrbanGlow,546
817,Lipstick,Home Appliances,FakeEtherealEdge,514
818,Microwave,Home Appliances,FakeZenithStyle,185
819,Dinner Plate Set,Personal Care,FakeEtherealEdge,349
820,Electric Shaver,Fashion & Accessories,FakeVelvetVista,794
821,Laptop Stand,Home & Kitchen,FakeEtherealEdge,865
822,Bluetooth Speaker,Electronics,FakeVelvetVista,435
823,Electric Shaver,Home Appliances,FakeZenithStyle,516
824,Blender,Sports & Fitness,FakeVelvetVista,448
825,Non Stick Pan,Sports & Fitness,FakeUrbanGlow,213
826,Mechanical Keyboard,Sports & Fitness,FakeEtherealEdge,429
827,Water Purifier,Home Appliances,FakeZenithStyle,890
828,Mechanical Keyboard,Health & Beauty,FakeZenithStyle,601
829,Bluetooth Speaker,Kitchen Appliances,FakeVelvetVista,699
830,Yoga Mat,Personal Care,FakeUrbanGlow,387
831,Electric Shaver,Office Supplies,FakeLuxeAura,517
832,Laptop Stand,Sports & Fitness,FakeLuxeAura,754
833,Lipstick,Mobile Accessories,FakeEtherealEdge,853
834,Rice Cooker,Electronics,FakeVelvetVista,765
835,Dinner Plate Set,Office Supplies,FakeEtherealEdge,867
836,Smart Ring,Sports & Fitness,FakeZenithStyle,155
837,Rice Cooker,Home Appliances,FakeVelvetVista,537
838,Smart Ring,Personal Care,FakeEtherealEdge,249
839,Smart Ring,Personal Care,FakeEtherealEdge,468
840,Webcam,Sports & Fitness,FakeUrbanGlow,285
841,Non Stick Pan,Sports & Fitness,FakeUrbanGlow,585
842,Water Purifier,Office Supplies,FakeEtherealEdge,852
843,Charging Cable,Personal Care,FakeEtherealEdge,192
844,Smart Ring,Home & Kitchen,FakeLuxeAura,692
845,Running Shoes,Home & Kitchen,FakeVelvetVista,717
846,Hair Dryer,Fashion & Accessories,FakeZenithStyle,622
847,Backpack,Fashion & Accessories,FakeZenithStyle,191
848,Lipstick,Home & Kitchen,FakeLuxeAura,624
849,Wall Clock,Office Supplies,FakeUrbanGlow,427
850,Gaming Mouse,Home & Kitchen,FakeZenithStyle,956
851,Fitness Band,Kitchen Appliances,FakeEtherealEdge,233
852,Dinner Plate Set,Home Appliances,FakeUrbanGlow,664
853,Dinner Plate Set,Home & Kitchen,FakeZenithStyle,651
854,USB Hub,Health & Beauty,FakeZenithStyle,684
855,Chopping Board,Kitchen Appliances,FakeVelvetVista,879
856,Air Purifier,Personal Care,FakeLuxeAura,781
857,Rice Cooker,Sports & Fitness,FakeZenithStyle,112
858,Mechanical Keyboard,Mobile Accessories,FakeVelvetVista,692
859,Backpack,Kitchen Appliances,FakeLuxeAura,167
860,Trimmer,Personal Care,FakeUrbanGlow,816
861,Yoga Mat,Home & Kitchen,FakeVelvetVista,544
862,Mixer,Office Supplies,FakeZenithStyle,349
863,Laptop Stand,Sports & Fitness,FakeVelvetVista,679
864,Trimmer,Mobile Accessories,FakeEtherealEdge,655
865,Screen Protector,Fashion & Accessories,FakeZenithStyle,901
866,Dinner Plate Set,Office Supplies,FakeZenithStyle,373
867,Microwave,Kitchen Appliances,FakeLuxeAura,264
868,Moisturizer,Office Supplies,FakeEtherealEdge,510
869,Power Bank,Sports & Fitness,FakeVelvetVista,983
870,Earbuds,Kitchen Appliances,FakeUrbanGlow,867
871,Desk Lamp,Fashion & Accessories,FakeVelvetVista,201
872,Moisturizer,Personal Care,FakeZenithStyle,131
873,Leather Wallet,Electronics,FakeZenithStyle,405
874,Kitchen Knife,Kitchen Appliances,FakeLuxeAura,876
875,Water Purifier,Electronics,FakeLuxeAura,309
876,Smart Watch,Office Supplies,FakeUrbanGlow,267
877,Foundation,Sports & Fitness,FakeZenithStyle,602
878,Laptop Stand,Home & Kitchen,FakeZenithStyle,839
879,Air Purifier,Kitchen Appliances,FakeUrbanGlow,115
880,Dinner Plate Set,Home & Kitchen,FakeLuxeAura,833
881,Chopping Board,Fashion & Accessories,FakeVelvetVista,598
882,Water Bottle,Office Supplies,FakeVelvetVista,329
883,Lipstick,Sports & Fitness,FakeVelvetVista,898
884,Electric Kettle,Health & Beauty,FakeLuxeAura,332
885,Fitness Band,Electronics,FakeLuxeAura,773
886,Webcam,Home Appliances,FakeZenithStyle,155
887,Vacuum Cleaner,Office Supplies,FakeUrbanGlow,523
888,Earbuds,Electronics,FakeVelvetVista,572
889,Sunglasses,Fashion & Accessories,FakeZenithStyle,720
890,Face Wash,Home & Kitchen,FakeUrbanGlow,118
891,Photo Frame,Health & Beauty,FakeLuxeAura,834
892,Iron Box,Personal Care,FakeUrbanGlow,612
893,Leather Wallet,Health & Beauty,FakeVelvetVista,756
894,Chopping Board,Personal Care,FakeUrbanGlow,811
895,Cutlery Set,Mobile Accessories,FakeZenithStyle,756
896,Smart Ring,Mobile Accessories,FakeVelvetVista,391
897,Laptop Stand,Electronics,FakeLuxeAura,803
898,Hair Dryer,Mobile Accessories,FakeUrbanGlow,423
899,Dinner Plate Set,Electronics,FakeUrbanGlow,263
900,Fitness Band,Fashion & Accessories,FakeLuxeAura,885
901,Foundation,Sports & Fitness,FakeUrbanGlow,443
902,Bluetooth Speaker,Mobile Accessories,FakeEtherealEdge,944
903,Fitness Band,Health & Beauty,FakeZenithStyle,348
904,Water Purifier,Mobile Accessories,FakeEtherealEdge,753
905,Smart Watch,Home & Kitchen,FakeEtherealEdge,685
906,Microwave,Sports & Fitness,FakeZenithStyle,369
907,Bluetooth Speaker,Home & Kitchen,FakeZenithStyle,307
908,Lipstick,Home & Kitchen,FakeVelvetVista,429
909,Webcam,Office Supplies,FakeLuxeAura,213
910,Lipstick,Personal Care,FakeVelvetVista,182
911,Yoga Mat,Electronics,FakeEtherealEdge,943
912,Rice Cooker,Electronics,FakeUrbanGlow,641
913,Smart Ring,Office Supplies,FakeZenithStyle,390
914,Perfume,Kitchen Appliances,FakeVelvetVista,232
915,Perfume,Health & Beauty,FakeUrbanGlow,169
916,Yoga Mat,Personal Care,FakeLuxeAura,961
917,Photo Frame,Home Appliances,FakeLuxeAura,707
918,Backpack,Health & Beauty,FakeLuxeAura,194
919,Leather Wallet,Sports & Fitness,FakeZenithStyle,262
920,Fitness Band,Health & Beauty,FakeEtherealEdge,153
921,Smart Watch,Home & Kitchen,FakeUrbanGlow,222
922,Blender,Health & Beauty,FakeZenithStyle,107
923,Desk Lamp,Mobile Accessories,FakeEtherealEdge,536
924,Blender,Home & Kitchen,FakeLuxeAura,150
925,Non Stick Pan,Sports & Fitness,FakeLuxeAura,794
926,Wireless Headphones,Home Appliances,FakeZenithStyle,617
927,Water Bottle,Office Supplies,FakeEtherealEdge,986
928,Wall Clock,Fashion & Accessories,FakeEtherealEdge,282
929,Moisturizer,Electronics,FakeVelvetVista,216
930,Smart Watch,Fashion & Accessories,FakeEtherealEdge,627
931,Microwave,Home Appliances,FakeZenithStyle,581
932,Smart Watch,Personal Care,FakeLuxeAura,347
933,Gaming Mouse,Home Appliances,FakeVelvetVista,789
934,Electric Shaver,Sports & Fitness,FakeZenithStyle,873
935,Gaming Mouse,Health & Beauty,FakeLuxeAura,916
936,Charging Cable,Kitchen Appliances,FakeZenithStyle,858
937,Laptop Stand,Mobile Accessories,FakeLuxeAura,487
938,Hair Dryer,Home & Kitchen,FakeUrbanGlow,482
939,Mechanical Keyboard,Home & Kitchen,FakeLuxeAura,626
940,Kitchen Knife,Home Appliances,FakeZenithStyle,483
941,Laptop Stand,Fashion & Accessories,FakeEtherealEdge,175
942,Hair Dryer,Home Appliances,FakeLuxeAura,718
943,Kitchen Knife,Personal Care,FakeZenithStyle,224
944,Backpack,Kitchen Appliances,FakeLuxeAura,578
945,Water Bottle,Office Supplies,FakeVelvetVista,343
946,Bluetooth Speaker,Mobile Accessories,FakeUrbanGlow,993
947,Electric Shaver,Office Supplies,FakeLuxeAura,271
948,Running Shoes,Mobile Accessories,FakeUrbanGlow,875
949,Wall Clock,Fashion & Accessories,FakeVelvetVista,189
950,Rice Cooker,Electronics,FakeUrbanGlow,768
951,Notebook Set,Health & Beauty,FakeZenithStyle,390
952,Chopping Board,Kitchen Appliances,FakeZenithStyle,578
953,USB Hub,Sports & Fitness,FakeVelvetVista,627
954,Pen Set,Electronics,FakeUrbanGlow,422
955,Non Stick Pan,Mobile Accessories,FakeUrbanGlow,830
956,Charging Cable,Personal Care,FakeZenithStyle,508
957,Trimmer,Sports & Fitness,FakeLuxeAura,220
958,Coffee Mug,Health & Beauty,FakeEtherealEdge,981
959,Lipstick,Fashion & Accessories,FakeZenithStyle,751
960,Dinner Plate Set,Home Appliances,FakeEtherealEdge,192
961,Desk Lamp,Kitchen Appliances,FakeEtherealEdge,104
962,Smart Watch,Mobile Accessories,FakeVelvetVista,400
963,Lipstick,Home & Kitchen,FakeEtherealEdge,291
964,Screen Protector,Office Supplies,FakeEtherealEdge,158
965,Coffee Mug,Personal Care,FakeZenithStyle,475
966,Blender,Electronics,FakeEtherealEdge,185
967,Phone Case,Health & Beauty,FakeVelvetVista,454
968,Chopping Board,Sports & Fitness,FakeVelvetVista,783
969,Gaming Mouse,Health & Beauty,FakeUrbanGlow,977
970,Foundation,Sports & Fitness,FakeLuxeAura,241
971,Dinner Plate Set,Mobile Accessories,FakeVelvetVista,129
972,Moisturizer,Personal Care,FakeVelvetVista,184
973,Screen Protector,Office Supplies,FakeEtherealEdge,529
974,Iron Box,Sports & Fitness,FakeVelvetVista,362
975,Yoga Mat,Office Supplies,FakeZenithStyle,605
976,Electric Shaver,Health & Beauty,FakeLuxeAura,471
977,Power Bank,Home Appliances,FakeZenithStyle,166
978,Electric Shaver,Home Appliances,FakeLuxeAura,258
979,Kitchen Knife,Health & Beauty,FakeVelvetVista,441
980,Laptop Stand,Home & Kitchen,FakeZenithStyle,352
981,USB Hub,Electronics,FakeVelvetVista,609
982,Microwave,Home Appliances,FakeEtherealEdge,677
983,Phone Case,Home Appliances,FakeLuxeAura,306
984,Desk Lamp,Home Appliances,FakeZenithStyle,842
985,Notebook Set,Electronics,FakeVelvetVista,627
986,Bluetooth Speaker,Sports & Fitness,FakeLuxeAura,530
987,Laptop Stand,Health & Beauty,FakeVelvetVista,134
988,Iron Box,Sports & Fitness,FakeUrbanGlow,421
989,Hair Dryer,Kitchen Appliances,FakeVelvetVista,227
990,Webcam,Electronics,FakeVelvetVista,412
991,Foundation,Personal Care,FakeLuxeAura,285
992,USB Hub,Health & Beauty,FakeVelvetVista,648
993,Fitness Band,Home Appliances,FakeLuxeAura,596
994,Rice Cooker,Office Supplies,FakeZenithStyle,429
995,Pen Set,Home Appliances,FakeLuxeAura,294
996,Electric Kettle,Health & Beauty,FakeZenithStyle,837
997,Smart Watch,Mobile Accessories,FakeUrbanGlow,796
998,Wall Clock,Sports & Fitness,FakeEtherealEdge,218
999,Webcam,Health & Beauty,FakeEtherealEdge,457
1000,Wall Clock,Office Supplies,FakeZenithStyle,131
